gameid,time,roundNum,name
9699-f,1447199747398,1,garbagecan
9699-f,1447199748261,2,motorcycle
9699-f,1447199749220,3,yarn
9699-f,1447199749940,4,clarinet
9699-f,1447199750703,5,cactus
9699-f,1447199751568,6,cherries
9699-f,1447199752849,7,egg
9699-f,1447199755036,8,flamingo
9699-f,1447199756403,9,chick
9699-f,1447199757398,10,raspberry
9699-f,1447199758261,11,tire
9699-f,1447199759401,12,watermelon
9699-f,1447199760945,13,tophat
9699-f,1447199761951,14,weddingcake
9699-f,1447199762586,15,eggplant
9699-f,1447199763184,16,cap
9699-f,1447199763951,17,banana
9699-f,1447199765695,18,tophat
9699-f,1447199767555,19,football
9699-f,1447199768442,20,cushion
9699-f,1447199770501,21,banana
9699-f,1447199771455,22,stapler
9699-f,1447199773705,23,rubberduck
9699-f,1447199774280,24,hotdog
9699-f,1447199774880,25,candle
9699-f,1447199775494,26,jacket
9699-f,1447199776094,27,mailbox
9699-f,1447199776742,28,book
9699-f,1447199777358,29,billiardball
9699-f,1447199778014,30,lime
9699-f,1447199778790,31,flamingo
9699-f,1447199779658,32,egg
9699-f,1447199780641,33,pumpkin
9699-f,1447199781746,34,flamingo
9699-f,1447199788510,35,gloves
9699-f,1447199789460,36,carrot
9699-f,1447199790565,37,schoolbus
9699-f,1447199791576,38,egg
9699-f,1447199792480,39,mailbox
9699-f,1447199793241,40,gloves
9699-f,1447199794065,41,ornament
9699-f,1447199794882,42,chair
9699-f,1447199795742,43,ketchup
9699-f,1447199796518,44,rhinoceros
9699-f,1447199797254,45,framee
9699-f,1447199797911,46,comb
9699-f,1447199798551,47,ketchup
9699-f,1447199799144,48,basketball
9699-f,1447199801459,49,pepper
9699-f,1447199802076,50,tomato
9699-f,1447199802700,51,bear
9699-f,1447199803335,52,golfball
9699-f,1447199804262,53,kitten
9699-f,1447199805022,54,bike
9699-f,1447199805729,55,phone
9699-f,1447199806504,56,bracelet
9699-f,1447199807191,57,snowflake
9699-f,1447199807837,58,cactus
9699-f,1447199808420,59,basketball
9699-f,1447199808997,60,lime
9699-f,1447199809613,61,hairdryer
9699-f,1447199810212,62,piano
9699-f,1447199810796,63,tomato
9699-f,1447199811355,64,flower
9699-f,1447199811961,65,ketchup
9699-f,1447199812536,66,flamingo
9699-f,1447199813086,67,penguin
9699-f,1447199813640,68,tomato
9699-f,1447199814291,69,grapefruit
9699-f,1447199814938,70,kiwi
9699-f,1447199815580,71,feather
9699-f,1447199816197,72,garbagecan
9699-f,1447199816788,73,coathanger
9699-f,1447199817397,74,lime
9699-f,1447199817918,75,tack
9699-f,1447199818516,76,turtle
9699-f,1447199819134,77,blueberries
9699-f,1447199819698,78,feather
9699-f,1447199820329,79,butterfly
9699-f,1447199820914,80,rock
9699-f,1447199821507,81,lime
9699-f,1447199822033,82,feather
9699-f,1447199822618,83,camera
9699-f,1447199823235,84,kitten
9699-f,1447199823800,85,folder
9699-f,1447199824439,86,chick
9699-f,1447199825047,87,snowflake
9699-f,1447199825646,88,tophat
9699-f,1447199826199,89,hotdog
9699-f,1447199826767,90,avocado
9699-f,1447199827351,91,belt
9699-f,1447199827893,92,toilet
9699-f,1447199828436,93,shoe
9699-f,1447199828996,94,toothbrush
9699-f,1447199829564,95,ketchup
9699-f,1447199830148,96,napkin
9699-f,1447199830685,97,teacup
9699-f,1447199831236,98,rug
9699-f,1447199831817,99,lemon
9699-f,1447199832408,100,lion
9699-f,1447199832978,101,santahat
9699-f,1447199833489,102,feather
9699-f,1447199834002,103,guitar
9699-f,1447199834545,104,bucket
9699-f,1447199835130,105,balloon
9699-f,1447199835737,106,feather
9699-f,1447199836318,107,clarinet
9699-f,1447199836877,108,flamingo
