gameid,time,roundNum,sender,contents
5602-8,1448895504776,1,speaker,"dark green one"
5602-8,1448895518712,2,speaker,"lamp"
5602-8,1448895528122,3,speaker,"bigger blue one"
5602-8,1448895537872,4,speaker,"piano"
5602-8,1448895547646,5,speaker,"igloo"
5602-8,1448895559426,6,speaker,"eggplant"
5602-8,1448895578241,7,speaker,"I guess bigger blue book"
5602-8,1448895585634,8,speaker,"bed"
5602-8,1448895601501,9,speaker,"big purple"
5602-8,1448895606252,10,speaker,"rose"
5602-8,1448895610456,11,speaker,"red"
5602-8,1448895618638,12,speaker,"ambulance"
5602-8,1448895626595,13,speaker,"pineapple"
5602-8,1448895630902,14,speaker,"green"
5602-8,1448895635805,15,speaker,"big pink"
5602-8,1448895640637,16,speaker,"belt"
5602-8,1448895650236,17,speaker,"huskee"
5602-8,1448895661273,18,speaker,"not pink"
5602-8,1448895669061,19,speaker,"dog"
5602-8,1448895678293,20,speaker,"mushroom"
5602-8,1448895687599,21,speaker,"tent"
5602-8,1448895693335,22,speaker,"yellow"
5602-8,1448895703614,23,speaker,"sax"
5602-8,1448895728432,24,speaker,"saxaphone"
5602-8,1448895743672,24,listener,"there is no saxaphone. hot dog, carrot, or spaghetti"
5602-8,1448895746025,24,speaker,"carrot"
5602-8,1448895751400,25,speaker,"pink"
5602-8,1448895755865,25,speaker,"sorry hung up"
5602-8,1448895768008,25,speaker,"pink flower"
5602-8,1448895770177,25,listener,"big pinkish purple one?"
5602-8,1448895783888,25,speaker,"red one, non purple"
5602-8,1448895793856,26,speaker,"dog"
5602-8,1448895801944,27,speaker,"wetsuit"
5602-8,1448895808366,28,speaker,"firetruck"
5602-8,1448895818698,29,speaker,"books"
5602-8,1448895830141,30,speaker,"grapefruit"
5602-8,1448895841484,31,speaker,"german shepard"
5602-8,1448895846828,32,speaker,"big chair"
5602-8,1448895853348,33,speaker,"big blue"
5602-8,1448895863922,34,speaker,"oboe"
5602-8,1448895870416,35,speaker,"blue"
5602-8,1448895881969,36,speaker,"big one"
5602-8,1448895890797,37,speaker,"big white ball"
5602-8,1448895898111,38,speaker,"small pink"
5602-8,1448895918634,39,speaker,"kiwi"
5602-8,1448895926749,40,speaker,"lime"
5602-8,1448895933884,41,speaker,"house"
5602-8,1448895948080,42,speaker,"big darkerer turtle"
5602-8,1448895955171,43,speaker,"rose"
5602-8,1448895964439,44,speaker,"small blue"
5602-8,1448895970349,45,speaker,"camper"
5602-8,1448895979075,46,speaker,"big"
5602-8,1448895988350,47,speaker,"small red"
5602-8,1448895995050,48,speaker,"big white"
5602-8,1448895999468,49,speaker,"white"
5602-8,1448896007713,50,speaker,"purple"
5602-8,1448896014177,51,speaker,"boat"
5602-8,1448896020548,52,speaker,"big"
5602-8,1448896025296,53,speaker,"big"
5602-8,1448896031704,54,speaker,"small green"
5602-8,1448896039091,55,speaker,"banjo"
5602-8,1448896045621,56,speaker,"small green"
5602-8,1448896055061,57,speaker,"bike"
5602-8,1448896063767,58,speaker,"closet"
5602-8,1448896072019,59,speaker,"small blue"
5602-8,1448896080718,60,speaker,"big"
5602-8,1448896085060,61,speaker,"daisy"
5602-8,1448896092115,62,speaker,"yellow"
5602-8,1448896098198,63,speaker,"big white"
5602-8,1448896104533,64,speaker,"robe"
5602-8,1448896109749,65,speaker,"green"
5602-8,1448896115543,66,speaker,"corn"
5602-8,1448896121672,67,speaker,"big"
5602-8,1448896130107,68,speaker,"small purple"
5602-8,1448896135779,69,speaker,"small brown"
5602-8,1448896144460,70,speaker,"bra"
5602-8,1448896154019,71,speaker,"green"
5602-8,1448896163562,72,speaker,"small brown"
